"","Mean_of_AbsErrors","Median_of_AbsErrors","SD_of_AbsErrors","IQR_of_AbsErrors","Min_of_AbsErrors","Max_of_AbsErrors"
"LM_t-test_1",17347.1926623928,11936.6197356817,18216.5916937991,16864.8878620278,52.3060113156971,131994.192095906
"PCR_1",18491.9149903589,12740.5069691364,21095.4869864316,17684.7428480692,102.28021360522,240962.863161321
"TreeReg_1",26415.6784371519,18905.7486982394,29458.3160635795,25420.3328902785,217.436252726155,375219.337606666
"Bagging_1",16318.0819272681,10218.9945609317,20481.6707349335,15610.5669452692,2.80579511151882,250846.869432629
"RandomForest_1",16197.6536604859,9656.885334413,20834.3557707756,15706.3179939306,22.6693591954245,237090.904786481
"GBReg",15949.8322432475,10867.6580316114,21966.5732847376,13633.8157906697,1.32595315671642,313816.800177904
"XGBReg",15516.1999763913,10527.831025907,19353.2968241753,14435.775819684,92.6288530344464,254804.735512807
